{"spawnPoint":{"x":8.73,"y":-7.3,"z":0.0,"normalized":{"x":0.767139733,"y":-0.641479969,"z":0.0,"normalized":{"x":0.7671398,"y":-0.64148,"z":0.0,"magnitude":1.0,"sqrMagnitude":1.00000012},"magnitude":0.99999994,"sqrMagnitude":0.99999994},"magnitude":11.3799343,"sqrMagnitude":129.5029},"lastSpawnMapName":"Boss1","nowPlayingBGMIndex":0}